nc,gval_N,gval_C,Ncrossings,Ccrossings,Nsurr,Csurr
"(1, 174)",0.0,0.9139624874735987,[],[265],[],"[21, 24, 25, 27, 28, 40, 41, 42, 43, 243, 263, 264, 265, 266, 267]"
"(1, 175)",0.0,0.8994814239593008,[],[263],[],"[244, 247, 261, 262, 263, 264, 265, 266, 272, 273]"
"(1, 176)",0.0,0.8963173767717877,[],[264],[],"[21, 22, 24, 25, 42, 243, 244, 262, 263, 264, 265, 266, 273, 352, 356]"
"(2, 173)",0.0,0.9192406299912123,[],[264],[],"[21, 22, 24, 25, 42, 243, 244, 262, 263, 264, 265, 266, 273, 352, 356]"
"(2, 174)",0.0,0.9194921327346502,[],[262],[],"[244, 245, 247, 260, 261, 262, 263, 264, 272, 273]"
"(2, 175)",0.0,0.9064296236199731,[],[264],[],"[21, 22, 24, 25, 42, 243, 244, 262, 263, 264, 265, 266, 273, 352, 356]"
"(2, 176)",0.0,0.9030665143636497,[],[262],[],"[244, 245, 247, 260, 261, 262, 263, 264, 272, 273]"
"(3, 172)",0.0,0.9771427238790967,[],[262],[],"[244, 245, 247, 260, 261, 262, 263, 264, 272, 273]"
"(3, 173)",0.0,0.9042955689592981,[],[264],[],"[21, 22, 24, 25, 42, 243, 244, 262, 263, 264, 265, 266, 273, 352, 356]"
"(3, 174)",0.0,0.9131099280831996,[],[264],[],"[21, 22, 24, 25, 42, 243, 244, 262, 263, 264, 265, 266, 273, 352, 356]"
"(3, 175)",0.0,0.8991723958448531,[],[263],[],"[244, 247, 261, 262, 263, 264, 265, 266, 272, 273]"
"(3, 176)",0.0,0.8939285560550712,[],[262],[],"[244, 245, 247, 260, 261, 262, 263, 264, 272, 273]"
"(4, 172)",0.0,0.9417338089658982,[],[264],[],"[21, 22, 24, 25, 42, 243, 244, 262, 263, 264, 265, 266, 273, 352, 356]"
"(4, 173)",0.0,0.8808337173783227,[],[264],[],"[21, 22, 24, 25, 42, 243, 244, 262, 263, 264, 265, 266, 273, 352, 356]"
"(4, 174)",0.0,0.9002516416247058,[],[264],[],"[21, 22, 24, 25, 42, 243, 244, 262, 263, 264, 265, 266, 273, 352, 356]"
"(5, 170)",0.0,1.083612547462154,[],[264],[],"[21, 22, 24, 25, 42, 243, 244, 262, 263, 264, 265, 266, 273, 352, 356]"
"(5, 171)",0.0,1.0746693254359116,[],[263],[],"[244, 247, 261, 262, 263, 264, 265, 266, 272, 273]"
"(5, 172)",0.0,0.8886246106005932,[],[264],[],"[21, 22, 24, 25, 42, 243, 244, 262, 263, 264, 265, 266, 273, 352, 356]"
"(5, 173)",0.0,0.8348473438434701,[],[263],[],"[244, 247, 261, 262, 263, 264, 265, 266, 272, 273]"
"(6, 138)",0.0,1.1352672949892002,[],[262],[],"[244, 245, 247, 260, 261, 262, 263, 264, 272, 273]"
"(6, 170)",0.0,1.013361699227859,[],[262],[],"[244, 245, 247, 260, 261, 262, 263, 264, 272, 273]"
"(6, 171)",0.0,1.0031615706123524,[],[264],[],"[21, 22, 24, 25, 42, 243, 244, 262, 263, 264, 265, 266, 273, 352, 356]"
"(6, 172)",0.0,0.8273007437205138,[],[262],[],"[244, 245, 247, 260, 261, 262, 263, 264, 272, 273]"
"(6, 173)",0.0,0.7841180869489606,[],[264],[],"[21, 22, 24, 25, 42, 243, 244, 262, 263, 264, 265, 266, 273, 352, 356]"
"(7, 138)",0.0,1.0915743471956563,[],[262],[],"[244, 245, 247, 260, 261, 262, 263, 264, 272, 273]"
"(7, 168)",0.0,1.0166917959031938,[],[264],[],"[21, 22, 24, 25, 42, 243, 244, 262, 263, 264, 265, 266, 273, 352, 356]"
"(7, 169)",0.0,1.0926865296655068,[],[264],[],"[21, 22, 24, 25, 42, 243, 244, 262, 263, 264, 265, 266, 273, 352, 356]"
"(7, 170)",0.0,0.9688518608095814,[],[264],[],"[21, 22, 24, 25, 42, 243, 244, 262, 263, 264, 265, 266, 273, 352, 356]"
"(7, 171)",0.0,0.9567726712624138,[],[264],[],"[21, 22, 24, 25, 42, 243, 244, 262, 263, 264, 265, 266, 273, 352, 356]"
"(8, 138)",0.0,1.0940722232661209,[],[262],[],"[244, 245, 247, 260, 261, 262, 263, 264, 272, 273]"
"(8, 139)",0.0,1.0694751183540985,[],[262],[],"[244, 245, 247, 260, 261, 262, 263, 264, 272, 273]"
"(8, 142)",0.0,1.0916502381864344,[],[263],[],"[244, 247, 261, 262, 263, 264, 265, 266, 272, 273]"
"(8, 168)",0.0,0.9580625904326662,[],[262],[],"[244, 245, 247, 260, 261, 262, 263, 264, 272, 273]"
"(8, 169)",0.0,1.0337218860157407,[],[264],[],"[21, 22, 24, 25, 42, 243, 244, 262, 263, 264, 265, 266, 273, 352, 356]"
"(8, 170)",0.0,0.9083247734416794,[],[262],[],"[244, 245, 247, 260, 261, 262, 263, 264, 272, 273]"
"(8, 249)",0.0,0.5912965722556416,[],[],[],[]
"(8, 253)",0.0,0.5763186504247206,[],[],[],[]
"(8, 254)",0.0,0.5909906177263204,[],[],[],[]
"(8, 255)",0.0,0.534897916840563,[],[],[],[]
"(9, 138)",0.0,1.0382216905319357,[],[262],[],"[244, 245, 247, 260, 261, 262, 263, 264, 272, 273]"
"(9, 139)",0.0,1.0202441013995267,[],[262],[],"[244, 245, 247, 260, 261, 262, 263, 264, 272, 273]"
"(9, 142)",0.0,1.0444811035603079,[],[262],[],"[244, 245, 247, 260, 261, 262, 263, 264, 272, 273]"
"(9, 143)",0.0,1.0839728778863675,[],[262],[],"[244, 245, 247, 260, 261, 262, 263, 264, 272, 273]"
"(9, 166)",0.0,0.9569449438114797,[],[264],[],"[21, 22, 24, 25, 42, 243, 244, 262, 263, 264, 265, 266, 273, 352, 356]"
"(9, 167)",0.0,1.014975597037742,[],[264],[],"[21, 22, 24, 25, 42, 243, 244, 262, 263, 264, 265, 266, 273, 352, 356]"
"(9, 168)",0.0,0.9079891075894686,[],[265],[],"[21, 24, 25, 27, 28, 40, 41, 42, 43, 243, 263, 264, 265, 266, 267]"
"(9, 169)",0.0,0.9837403071623751,[],[264],[],"[21, 22, 24, 25, 42, 243, 244, 262, 263, 264, 265, 266, 273, 352, 356]"
"(9, 249)",0.0,0.5752660803281263,[],[],[],[]
"(9, 253)",0.0,0.561925999914679,[],[],[],[]
"(10, 139)",0.0,0.960632790617342,[],[262],[],"[244, 245, 247, 260, 261, 262, 263, 264, 272, 273]"
"(10, 142)",0.0,0.9982763157539963,[],[262],[],"[244, 245, 247, 260, 261, 262, 263, 264, 272, 273]"
"(10, 143)",0.0,1.0396515526891825,[],[263],[],"[244, 247, 261, 262, 263, 264, 265, 266, 272, 273]"
"(10, 146)",0.0,1.0516509049140517,[],[263],[],"[244, 247, 261, 262, 263, 264, 265, 266, 272, 273]"
"(10, 166)",0.0,0.872502328519732,[],[264],[],"[21, 22, 24, 25, 42, 243, 244, 262, 263, 264, 265, 266, 273, 352, 356]"
"(10, 167)",0.0,0.9303819586743463,[],[265],[],"[21, 24, 25, 27, 28, 40, 41, 42, 43, 243, 263, 264, 265, 266, 267]"
"(10, 168)",0.0,0.821428754200063,[],[264],[],"[21, 22, 24, 25, 42, 243, 244, 262, 263, 264, 265, 266, 273, 352, 356]"
"(10, 249)",0.0,0.5718850987434746,[],[],[],[]
"(10, 253)",0.0,0.5555864460000455,[],[],[],[]
"(10, 358)",0.0,0.14945826582283595,[],[],[],[]
"(11, 143)",0.0,0.9783545512198386,[],[262],[],"[244, 245, 247, 260, 261, 262, 263, 264, 272, 273]"
"(11, 146)",0.0,0.9888318337336658,[],[263],[],"[244, 247, 261, 262, 263, 264, 265, 266, 272, 273]"
"(11, 165)",0.0,0.8908290921007102,[],[264],[],"[21, 22, 24, 25, 42, 243, 244, 262, 263, 264, 265, 266, 273, 352, 356]"
"(11, 166)",0.0,0.8185976407890928,[],[263],[],"[244, 247, 261, 262, 263, 264, 265, 266, 272, 273]"
"(11, 167)",0.0,0.8767171623655561,[],[262],[],"[244, 245, 247, 260, 261, 262, 263, 264, 272, 273]"
"(11, 249)",0.0,0.5527543080606997,[],[],[],[]
"(11, 358)",0.0,0.15322742033894285,[],[],[],[]
"(12, 146)",0.0,0.9235971523168187,[],[263],[],"[244, 247, 261, 262, 263, 264, 265, 266, 272, 273]"
"(12, 147)",0.0,0.9842701021689958,[],[263],[],"[244, 247, 261, 262, 263, 264, 265, 266, 272, 273]"
"(12, 149)",0.0,0.9732719038944689,[],[263],[],"[244, 247, 261, 262, 263, 264, 265, 266, 272, 273]"
"(12, 150)",0.0,1.0396120134829872,[],[265],[],"[21, 24, 25, 27, 28, 40, 41, 42, 43, 243, 263, 264, 265, 266, 267]"
"(12, 163)",0.0,0.8451591081064107,[],[265],[],"[21, 24, 25, 27, 28, 40, 41, 42, 43, 243, 263, 264, 265, 266, 267]"
"(12, 164)",0.0,0.7782108081177982,[],[265],[],"[21, 24, 25, 27, 28, 40, 41, 42, 43, 243, 263, 264, 265, 266, 267]"
"(12, 165)",0.0,0.7736130283325087,[],[265],[],"[21, 24, 25, 27, 28, 40, 41, 42, 43, 243, 263, 264, 265, 266, 267]"
"(12, 166)",0.0,0.6997407379092818,[],[263],[],"[244, 247, 261, 262, 263, 264, 265, 266, 272, 273]"
"(12, 357)",0.0,0.182163383948468,[],[],[],[]
"(12, 358)",0.0,0.15399419445064141,[],[],[],[]
"(13, 76)",0.0,0.28528829314024085,[],[],[],[]
"(13, 147)",0.0,0.8821165027954418,[],[262],[],"[244, 245, 247, 260, 261, 262, 263, 264, 272, 273]"
"(13, 150)",0.0,0.9380805684518307,[],[265],[],"[21, 24, 25, 27, 28, 40, 41, 42, 43, 243, 263, 264, 265, 266, 267]"
"(13, 163)",0.0,0.7941451841054932,[],[265],[],"[21, 24, 25, 27, 28, 40, 41, 42, 43, 243, 263, 264, 265, 266, 267]"
"(13, 164)",0.0,0.7281996317780294,[],[264],[],"[21, 22, 24, 25, 42, 243, 244, 262, 263, 264, 265, 266, 273, 352, 356]"
"(13, 357)",0.0,0.18232651163314514,[],[],[],[]
"(13, 358)",0.0,0.15652062450638604,[],[],[],[]
"(14, 76)",0.0,0.30814703901750407,[],[],[],[]
"(14, 77)",0.0,0.33826041340345325,[],[],[],[]
"(14, 78)",0.0,0.39581010747566053,[],[],[],[]
"(14, 162)",0.0,0.8126581082868497,[],[265],[],"[21, 24, 25, 27, 28, 40, 41, 42, 43, 243, 263, 264, 265, 266, 267]"
"(14, 163)",0.0,0.7944482168316694,[],[263],[],"[244, 247, 261, 262, 263, 264, 265, 266, 272, 273]"
"(14, 164)",0.0,0.727032048884911,[],[265],[],"[21, 24, 25, 27, 28, 40, 41, 42, 43, 243, 263, 264, 265, 266, 267]"
"(14, 165)",0.0,0.7231295823571289,[],[262],[],"[244, 245, 247, 260, 261, 262, 263, 264, 272, 273]"
"(14, 235)",0.0,0.7086232471429019,[],[262],[],"[244, 245, 247, 260, 261, 262, 263, 264, 272, 273]"
"(15, 163)",0.0,0.9103353534603588,[],[262],[],"[244, 245, 247, 260, 261, 262, 263, 264, 272, 273]"
"(15, 164)",0.0,0.8438760950163192,[],[264],[],"[21, 22, 24, 25, 42, 243, 244, 262, 263, 264, 265, 266, 273, 352, 356]"
"(15, 165)",0.0,0.8402812905651507,[],[262],[],"[244, 245, 247, 260, 261, 262, 263, 264, 272, 273]"
"(15, 166)",0.0,0.7673939134202398,[],[263],[],"[244, 247, 261, 262, 263, 264, 265, 266, 272, 273]"
"(15, 235)",0.0,0.7530448243389046,[],[262],[],"[244, 245, 247, 260, 261, 262, 263, 264, 272, 273]"
"(15, 241)",0.0,0.5262903606665315,[],[],[],[]
"(16, 46)",0.0,0.1458466799763317,[],[],[],[]
"(16, 47)",0.0,0.14583526786859347,[],[],[],[]
"(16, 164)",0.0,0.8396037357994854,[],[263],[],"[244, 247, 261, 262, 263, 264, 265, 266, 272, 273]"
"(16, 235)",0.0,0.7384689729771251,[],[263],[],"[244, 247, 261, 262, 263, 264, 265, 266, 272, 273]"
"(16, 236)",0.0,0.7152614321062465,[],[262],[],"[244, 245, 247, 260, 261, 262, 263, 264, 272, 273]"
"(16, 239)",0.0,0.5347527373752049,[],[],[],[]
"(16, 240)",0.0,0.5849024906641341,[],[],[],[]
"(16, 241)",0.0,0.5170793952248245,[],[],[],[]
"(16, 242)",0.0,0.5298347355543279,[],[],[],[]
"(17, 46)",0.0,0.2470733847340195,[],[],[],[]
"(17, 240)",0.0,0.5949897693763536,[],[],[],[]
"(17, 241)",0.0,0.5320930617124019,[],[],[],[]
"(17, 242)",0.0,0.5451511312041184,[],[],[],[]
"(17, 243)",0.0,0.5594110863167849,[],[],[],[]
"(17, 244)",0.0,0.4625172638410762,[],[],[],[]
"(17, 245)",0.0,0.3939079756828028,[],[],[],[]
"(17, 246)",0.0,0.3567377826556303,[],[],[],[]
"(18, 241)",0.0,0.5551732575007551,[],[],[],[]
"(18, 242)",0.0,0.5615529577495101,[],[],[],[]
"(18, 243)",0.0,0.583505565196885,[],[],[],[]
"(18, 246)",0.0,0.37737364346751284,[],[],[],[]
"(18, 356)",0.0,0.22923344288613395,[],[],[],[]
"(18, 357)",0.0,0.18022030896608557,[],[],[],[]
"(19, 46)",0.0,-0.06047227035662572,[],[],[],[]
"(19, 73)",0.0,0.31106472507620425,[],[],[],[]
"(19, 76)",0.0,0.2370476346425732,[],[],[],[]
"(19, 241)",0.0,0.5208812302988352,[],[],[],[]
"(20, 43)",0.0,0.09178117923623409,[],[],[],[]
"(20, 44)",0.0,0.0710687871033389,[],[],[],[]
"(20, 45)",0.0,-0.03828186323283516,[],[],[],[]
"(20, 46)",0.0,-0.08496799913452945,[],[],[],[]
"(20, 241)",0.0,0.5121157070274993,[],[],[],[]
"(20, 242)",0.0,0.5244147527749505,[],[],[],[]
"(20, 243)",0.0,0.5456727299837351,[],[],[],[]
"(21, 44)",0.0,0.11838698586491402,[],[],[],[]
"(21, 242)",0.0,0.5614572971556345,[],[],[],[]
"(21, 243)",0.0,0.5864127213806147,[],[],[],[]
"(21, 244)",0.0,0.5010067079064366,[],[],[],[]
"(21, 264)",0.0,0.22194210211065918,[],[],[],[]
"(21, 265)",0.0,0.3147882975659752,[],[],[],[]
"(21, 356)",0.0,0.2262128296711912,[],[],[],[]
"(21, 357)",0.0,0.17996535318256712,[],[],[],[]
"(22, 72)",0.004348290524700524,0.2674002933224452,[],[],[],[]
"(22, 264)",0.46681026540740156,0.18510886508254062,[],[],[],[]
"(22, 353)",0.5058639589891959,0.2712521974776216,[],[],[],[]
"(22, 356)",0.4743176298881257,0.2307599522201364,[],[],[],[]
"(22, 357)",0.47820427314433067,0.18628350583780126,[],[],[],[]
"(23, 44)",-0.012373287294976413,-0.13032652650267634,[],[],[],[]
"(23, 68)",-0.00974904323849289,0.2935199802096971,[],[],[],[]
"(23, 69)",-0.011899821190463938,0.21029721773096596,[],[],[],[]
"(23, 72)",-0.019958140034674988,0.18516658018102725,[],[],[],[]
"(23, 73)",-0.015050014714769792,0.13226162344465328,[],[],[],[]
"(23, 353)",0.6008406991468636,0.27186921020539373,[10],[],"[8, 9, 10, 11, 12, 139, 142, 143, 146, 166, 167, 168, 249, 253, 358]",[]
"(24, 42)",0.006847486386926462,0.07702386777231762,[],[],[],[]
"(24, 43)",-0.007623762880728126,-0.07574232032698551,[],[],[],[]
"(24, 44)",-0.022253090710579657,-0.09804050688724149,[],[],[],[]
"(24, 53)",-0.05774825336320385,0.07528867244323666,[],[],[],[]
"(24, 243)",0.582334605154677,0.5547160142813181,[],[],[],[]
"(24, 264)",0.6845071393304301,0.197301397824435,[11],[],"[9, 10, 11, 12, 13, 14, 15, 18, 143, 146, 165, 166, 167, 249, 358]",[]
"(24, 265)",0.680849345356916,0.2866299130479606,[11],[],"[9, 10, 11, 12, 13, 14, 15, 18, 143, 146, 165, 166, 167, 249, 358]",[]
"(25, 42)",-0.0030818287853789893,0.159611522265163,[],[],[],[]
"(25, 264)",0.700158973159459,0.20635917730125664,[11],[],"[9, 10, 11, 12, 13, 14, 15, 18, 143, 146, 165, 166, 167, 249, 358]",[]
"(25, 265)",0.703114244231342,0.2997066517234085,[11],[],"[9, 10, 11, 12, 13, 14, 15, 18, 143, 146, 165, 166, 167, 249, 358]",[]
"(25, 266)",0.7070794726084975,0.20605768136764366,[11],[],"[9, 10, 11, 12, 13, 14, 15, 18, 143, 146, 165, 166, 167, 249, 358]",[]
"(25, 352)",0.744379515120891,0.23429184303995,[12],[],"[10, 11, 12, 13, 14, 15, 18, 146, 147, 149, 150, 163, 164, 165, 166, 357, 358]",[]
"(25, 353)",0.754882145225638,0.2703696990913605,[10],[],"[8, 9, 10, 11, 12, 139, 142, 143, 146, 166, 167, 168, 249, 253, 358]",[]
"(25, 356)",0.7145520031244545,0.22714790154131365,[10],[],"[8, 9, 10, 11, 12, 139, 142, 143, 146, 166, 167, 168, 249, 253, 358]",[]
"(26, 68)",-0.04119848681766447,0.22506911449467257,[],[],[],[]
"(26, 69)",-0.03904924921564686,0.1415107715410953,[],[],[],[]
"(26, 72)",-0.06116677252916908,0.10460076128943102,[],[],[],[]
"(26, 352)",0.7356222260220545,0.25277179258581345,[10],[],"[8, 9, 10, 11, 12, 139, 142, 143, 146, 166, 167, 168, 249, 253, 358]",[]
"(26, 353)",0.7431548622027077,0.2864834244630115,[10],[],"[8, 9, 10, 11, 12, 139, 142, 143, 146, 166, 167, 168, 249, 253, 358]",[]
"(27, 42)",-0.010451812785844119,-0.09080096171297264,[],[],[],[]
"(27, 63)",-0.037508237587625434,0.2589664326535565,[],[],[],[]
"(27, 65)",-0.042909330625079574,0.19890112299179047,[],[],[],[]
"(27, 68)",-0.05713732140106775,0.17997322687286035,[],[],[],[]
"(27, 69)",-0.061168238173928476,0.09141701631698625,[],[],[],[]
"(27, 265)",0.7106389877489542,0.2450094533488232,[11],[],"[9, 10, 11, 12, 13, 14, 15, 18, 143, 146, 165, 166, 167, 249, 358]",[]
"(28, 40)",-0.0011889390922418897,0.04508254029380915,[],[],[],[]
"(28, 42)",-0.02888811433983968,0.004974834686595718,[],[],[],[]
"(28, 265)",0.7754750896822357,0.26447076826918364,[11],[],"[9, 10, 11, 12, 13, 14, 15, 18, 143, 146, 165, 166, 167, 249, 358]",[]
"(28, 266)",0.7900391779404446,0.1731770368667161,[12],[],"[10, 11, 12, 13, 14, 15, 18, 146, 147, 149, 150, 163, 164, 165, 166, 357, 358]",[]
"(28, 267)",0.8062126864400809,0.2695098921113421,[11],[],"[9, 10, 11, 12, 13, 14, 15, 18, 143, 146, 165, 166, 167, 249, 358]",[]
"(28, 350)",0.8589112386542866,0.13360699047004268,[12],[],"[10, 11, 12, 13, 14, 15, 18, 146, 147, 149, 150, 163, 164, 165, 166, 357, 358]",[]
"(28, 352)",0.8450323701518115,0.24124199689363496,[10],[],"[8, 9, 10, 11, 12, 139, 142, 143, 146, 166, 167, 168, 249, 253, 358]",[]
"(28, 353)",0.8626870431184606,0.2762777368324308,[10],[],"[8, 9, 10, 11, 12, 139, 142, 143, 146, 166, 167, 168, 249, 253, 358]",[]
"(29, 349)",0.8575137819501021,0.10724558129078922,[10],[],"[8, 9, 10, 11, 12, 139, 142, 143, 146, 166, 167, 168, 249, 253, 358]",[]
"(29, 350)",0.8607755008427462,0.14240904576706429,[10],[],"[8, 9, 10, 11, 12, 139, 142, 143, 146, 166, 167, 168, 249, 253, 358]",[]
"(29, 351)",0.8584297103178008,0.16062927736973798,[12],[],"[10, 11, 12, 13, 14, 15, 18, 146, 147, 149, 150, 163, 164, 165, 166, 357, 358]",[]
"(29, 352)",0.8353786566699063,0.2587479424911069,[12],[],"[10, 11, 12, 13, 14, 15, 18, 146, 147, 149, 150, 163, 164, 165, 166, 357, 358]",[]
"(29, 353)",0.8525625778207598,0.29164737001225194,[10],[],"[8, 9, 10, 11, 12, 139, 142, 143, 146, 166, 167, 168, 249, 253, 358]",[]
"(30, 63)",-0.06402673874619574,0.19859909582124202,[],[],[],[]
"(30, 68)",-0.09467706560783333,0.09682275056284514,[],[],[],[]
"(30, 350)",0.8186556215060471,0.14851973142625927,[10],[],"[8, 9, 10, 11, 12, 139, 142, 143, 146, 166, 167, 168, 249, 253, 358]",[]
"(31, 59)",-0.06461734615236413,0.18307819292405275,[],[],[],[]
"(31, 61)",-0.06437380721977086,0.18919092763999876,[],[],[],[]
"(31, 62)",-0.06878982808214722,0.20711326813112144,[],[],[],[]
"(31, 63)",-0.07542966841772818,0.1810182268431246,[],[],[],[]
"(32, 61)",-0.09893049950884185,0.21631789667509835,[],[],[],[]
"(32, 348)",0.9042671857287471,0.0999586327064057,[12],[],"[10, 11, 12, 13, 14, 15, 18, 146, 147, 149, 150, 163, 164, 165, 166, 357, 358]",[]
"(32, 349)",0.919168609440964,0.11223254904953554,[10],[],"[8, 9, 10, 11, 12, 139, 142, 143, 146, 166, 167, 168, 249, 253, 358]",[]
"(32, 350)",0.9253714077902156,0.14399224567117785,[12],[],"[10, 11, 12, 13, 14, 15, 18, 146, 147, 149, 150, 163, 164, 165, 166, 357, 358]",[]
"(33, 349)",0.8925944683281861,0.1271578784238474,[10],[],"[8, 9, 10, 11, 12, 139, 142, 143, 146, 166, 167, 168, 249, 253, 358]",[]
"(33, 350)",0.8960547939436961,0.15694681882422098,[12],[],"[10, 11, 12, 13, 14, 15, 18, 146, 147, 149, 150, 163, 164, 165, 166, 357, 358]",[]
"(34, 61)",-0.08255960802856602,0.12186139874558718,[],[],[],[]
"(34, 62)",-0.09158176617159126,0.1367948769150338,[],[],[],[]
"(35, 59)",-0.09515072025402602,0.12285559918389946,[],[],[],[]
"(35, 60)",-0.09437141464247527,0.17599084713178903,[],[],[],[]
"(35, 61)",-0.10331964547410896,0.1271762914754849,[],[],[],[]
"(36, 348)",0.9089829760046962,0.10195543851025893,[10],[],"[8, 9, 10, 11, 12, 139, 142, 143, 146, 166, 167, 168, 249, 253, 358]",[]
"(36, 349)",0.9329062448096014,0.11498089384868866,[10],[],"[8, 9, 10, 11, 12, 139, 142, 143, 146, 166, 167, 168, 249, 253, 358]",[]
"(36, 350)",0.944109576432201,0.14341175548271753,[10],[],"[8, 9, 10, 11, 12, 139, 142, 143, 146, 166, 167, 168, 249, 253, 358]",[]
"(37, 59)",-0.0992277550333451,0.14557956266154112,[],[],[],[]
"(37, 348)",0.8867687723121099,0.08785211291618426,[10],[],"[8, 9, 10, 11, 12, 139, 142, 143, 146, 166, 167, 168, 249, 253, 358]",[]
"(38, 57)",-0.07108294551630591,0.05044261187915436,[],[],[],[]
"(38, 58)",-0.0674150011227752,0.15698706950845484,[],[],[],[]
"(38, 59)",-0.07443368454113261,0.1568221109536252,[],[],[],[]
"(38, 60)",-0.08790364289892247,0.21285834894224379,[],[],[],[]
"(38, 61)",-0.11351639694052561,0.16523214185140958,[],[],[],[]
"(38, 267)",0.816373958868309,0.21542431820418373,[12],[],"[10, 11, 12, 13, 14, 15, 18, 146, 147, 149, 150, 163, 164, 165, 166, 357, 358]",[]
"(39, 57)",-0.08040400032650999,0.07590262581544309,[],[],[],[]
"(39, 58)",-0.07305271041150758,0.187968228914828,[],[],[],[]
"(39, 59)",-0.07938628791061732,0.1886618346250428,[],[],[],[]
"(39, 99)",-0.016376561960243015,-0.021998813202791314,[],[],[],[]
"(39, 266)",0.8045684322338865,0.13195022373674378,[11],[],"[9, 10, 11, 12, 13, 14, 15, 18, 143, 146, 165, 166, 167, 249, 358]",[]
"(39, 267)",0.8272080049297832,0.2222172828432199,[12],[],"[10, 11, 12, 13, 14, 15, 18, 146, 147, 149, 150, 163, 164, 165, 166, 357, 358]",[]
"(39, 269)",0.8287313647876684,0.08969633039670463,[11],[],"[9, 10, 11, 12, 13, 14, 15, 18, 143, 146, 165, 166, 167, 249, 358]",[]
"(40, 56)",-0.07159027204646938,-0.023968746481128775,[],[],[],[]
"(40, 57)",-0.07264095435466814,0.13552765863739796,[],[],[],[]
"(40, 58)",-0.07046893996904331,0.24965394403893648,[],[],[],[]
"(40, 59)",-0.08026103118625824,0.24905569535863414,[],[],[],[]
"(40, 265)",0.7945117375909506,0.22975054512454698,[11],[],"[9, 10, 11, 12, 13, 14, 15, 18, 143, 146, 165, 166, 167, 249, 358]",[]
"(40, 266)",0.8151682028068293,0.1475792143775485,[11],[],"[9, 10, 11, 12, 13, 14, 15, 18, 143, 146, 165, 166, 167, 249, 358]",[]
"(40, 267)",0.8405370432040723,0.23864978832163355,[11],[],"[9, 10, 11, 12, 13, 14, 15, 18, 143, 146, 165, 166, 167, 249, 358]",[]
"(41, 55)",-0.07425782614275248,-0.045767058057878285,[],[],[],[]
"(41, 56)",-0.06774839024526261,0.014460944101164658,[],[],[],[]
"(41, 57)",-0.06892863744746695,0.1747398220943104,[],[],[],[]
"(41, 265)",0.7736579557990492,0.24032658079012398,[12],[],"[10, 11, 12, 13, 14, 15, 18, 146, 147, 149, 150, 163, 164, 165, 166, 357, 358]",[]
"(41, 266)",0.790332951965746,0.1560966215409098,[12],[],"[10, 11, 12, 13, 14, 15, 18, 146, 147, 149, 150, 163, 164, 165, 166, 357, 358]",[]
"(41, 267)",0.8136384681057188,0.24226343271126266,[11],[],"[9, 10, 11, 12, 13, 14, 15, 18, 143, 146, 165, 166, 167, 249, 358]",[]
"(42, 53)",-0.10887660200546671,0.05293874720001783,[],[],[],[]
"(42, 54)",-0.07870214485831514,0.01911812874528228,[],[],[],[]
"(42, 55)",-0.04522520112691086,-0.009455872783727594,[],[],[],[]
"(42, 56)",-0.04033545447053797,0.05363626603944461,[],[],[],[]
"(42, 57)",-0.044243887927470055,0.21189001784541292,[],[],[],[]
"(42, 96)",-0.04927229691036806,0.026342199272212815,[],[],[],[]
"(42, 264)",0.8631641697774813,0.1469814969341816,[11],[],"[9, 10, 11, 12, 13, 14, 15, 18, 143, 146, 165, 166, 167, 249, 358]",[]
"(42, 265)",0.7777368688803901,0.23524753828681633,[11],[],"[9, 10, 11, 12, 13, 14, 15, 18, 143, 146, 165, 166, 167, 249, 358]",[]
"(42, 266)",0.7981698351284279,0.15244170193867138,[11],[],"[9, 10, 11, 12, 13, 14, 15, 18, 143, 146, 165, 166, 167, 249, 358]",[]
"(43, 53)",-0.09759796754726774,0.11242351924145434,[],[],[],[]
"(43, 54)",-0.06643128312756412,0.07990329054210497,[],[],[],[]
"(43, 55)",-0.03196588532880551,0.05189215826213416,[],[],[],[]
"(43, 242)",0.6693775114089441,0.4493201620542545,[11],[],"[9, 10, 11, 12, 13, 14, 15, 18, 143, 146, 165, 166, 167, 249, 358]",[]
"(43, 243)",0.7354101107028302,0.4798796806022394,[11],[],"[9, 10, 11, 12, 13, 14, 15, 18, 143, 146, 165, 166, 167, 249, 358]",[]
"(43, 265)",0.810983194120381,0.23899681884971327,[11],[],"[9, 10, 11, 12, 13, 14, 15, 18, 143, 146, 165, 166, 167, 249, 358]",[]
"(44, 54)",-0.020631821988217117,0.11198067633751749,[],[],[],[]
"(44, 242)",0.6462770527260532,0.46787956946746245,[11],[],"[9, 10, 11, 12, 13, 14, 15, 18, 143, 146, 165, 166, 167, 249, 358]",[]
"(44, 243)",0.7135295996966944,0.4981725968013307,[11],[],"[9, 10, 11, 12, 13, 14, 15, 18, 143, 146, 165, 166, 167, 249, 358]",[]
"(45, 240)",0.6207303617919222,0.4870015947408025,[20],[],"[16, 17, 18, 19, 20, 21, 22, 23, 24, 43, 44, 45, 46, 241, 242, 243]",[]
"(45, 241)",0.6392863541105451,0.44805782925915,[11],[],"[9, 10, 11, 12, 13, 14, 15, 18, 143, 146, 165, 166, 167, 249, 358]",[]
"(45, 242)",0.6919168321060231,0.46480871641662475,[11],[],"[9, 10, 11, 12, 13, 14, 15, 18, 143, 146, 165, 166, 167, 249, 358]",[]
"(45, 243)",0.7585747731639193,0.49359564909300974,"[40, 11]",[],"[28, 38, 39, 40, 41, 42, 56, 57, 58, 59, 265, 266, 267, 9, 10, 11, 12, 13, 14, 15, 18, 143, 146, 165, 166, 167, 249, 358]",[]
"(46, 236)",0.46941564106630296,0.4684300827145655,[],[],[],[]
"(46, 240)",0.5277767995574031,0.4955544335104832,[],[],[],[]
"(46, 241)",0.5472310376428735,0.4529243390427841,[],[],[],[]
"(46, 242)",0.6002298146165966,0.46910418444015034,"[42, 21]",[],"[24, 25, 27, 28, 40, 41, 42, 43, 44, 53, 54, 55, 56, 57, 96, 264, 265, 266, 17, 18, 19, 20, 21, 22, 23, 24, 25, 44, 242, 243, 244, 264, 265, 356, 357]",[]
"(47, 236)",0.5571573136181577,0.453920673915212,[],[],[],[]
"(47, 237)",0.5505637525573904,0.46567929991733364,[],[],[],[]
"(47, 239)",0.5995539673982239,0.42470564015984874,[],[],[],[]
"(47, 240)",0.6164657055106524,0.4942243680061094,"[41, 21]",[],"[39, 40, 41, 42, 43, 55, 56, 57, 265, 266, 267, 17, 18, 19, 20, 21, 22, 23, 24, 25, 44, 242, 243, 244, 264, 265, 356, 357]",[]
"(47, 241)",0.6345392588009001,0.44767222713500743,"[41, 21]",[],"[39, 40, 41, 42, 43, 55, 56, 57, 265, 266, 267, 17, 18, 19, 20, 21, 22, 23, 24, 25, 44, 242, 243, 244, 264, 265, 356, 357]",[]
"(48, 84)",0.09747738624929547,0.26176062509751336,[],[],[],[]
"(48, 85)",0.08898059297630423,0.32216807031845396,[],[],[],[]
"(48, 235)",0.3862264793237387,0.5359446433308674,[],[],[],[]
"(48, 236)",0.4070247089103906,0.4514849146206993,[],[],[],[]
"(48, 237)",0.3997179622637879,0.4625205271536797,[],[],[],[]
"(48, 238)",0.4154905386591445,0.3898408636505279,[],[],[],[]
"(48, 240)",0.46679698448401546,0.4922288902945948,[],[],[],[]
"(49, 85)",0.12295199971493512,0.324608838418358,[],[],[],[]
"(49, 86)",0.10464874336835037,0.27030727875144567,[],[],[],[]
"(49, 90)",0.11493608970500815,0.18957582777247667,[],[],[],[]
"(49, 91)",0.12414442742115933,0.2941903822494816,[],[],[],[]
"(49, 236)",0.4397693947013395,0.4472282268934612,[],[],[],[]
"(49, 237)",0.4332509277759471,0.45500386602658527,[],[],[],[]
"(50, 90)",0.04308267039120326,0.1957691966661242,[],[],[],[]
"(50, 91)",0.04614585845197242,0.3002761756637014,[],[],[],[]
"(50, 92)",0.05006164384863612,0.1875908230176894,[],[],[],[]
"(50, 93)",0.04535670598436823,0.14462679870419357,[],[],[],[]
"(51, 69)",0.006159687523302909,0.27610939164213766,[],[],[],[]
"(51, 90)",0.04125274887607068,0.21015359403091874,[],[],[],[]
"(51, 91)",0.04189194074589771,0.313400687717844,[],[],[],[]
"(51, 92)",0.0521189632312609,0.20138846918728445,[],[],[],[]
"(51, 93)",0.040952713844030174,0.15826130770273764,[],[],[],[]
"(52, 92)",0.057139598130791086,0.18149580884809005,[],[],[],[]
"(52, 93)",0.035695403403385194,0.13750787277339238,[],[],[],[]
"(52, 94)",0.039063047146407674,0.04521624124681215,[],[],[],[]
"(52, 95)",0.009987709732318868,0.05487008753795125,[],[],[],[]
"(53, 65)",-0.021662737064911685,0.2517991357025082,[],[],[],[]
"(53, 92)",-0.012048614964257897,0.17524402286429122,[],[],[],[]
"(53, 93)",-0.03996112215852588,0.1322435139569789,[],[],[],[]
"(53, 94)",-0.03625420774123071,0.04247844055219024,[],[],[],[]
"(53, 95)",-0.06754250747365595,0.05232760653765709,[],[],[],[]
"(53, 96)",-0.04210177933539865,0.05405270362177767,[],[],[],[]
"(54, 94)",0.04038963115157956,0.021435773199023008,[],[],[],[]
"(54, 95)",0.0073727718085794865,0.0311810373033345,[],[],[],[]
"(54, 96)",0.03487009836504917,0.03316341196097262,[],[],[],[]
"(54, 97)",0.003316113760284274,0.041061802400086514,[],[],[],[]
"(55, 95)",0.1190978188300354,0.01747719714152787,[],[],[],[]
"(55, 96)",0.1464876173389466,0.018418826467572216,[],[],[],[]
"(55, 97)",0.11500189668038646,0.027367903958071788,[],[],[],[]
"(55, 98)",0.11609302888666984,0.0212941487522641,[],[],[],[]
"(56, 96)",0.21251617543757384,0.0015805244502394623,[],[],[],[]
"(56, 97)",0.18170369324457847,0.011533172841268114,[],[],[],[]
"(56, 98)",0.1826316313615678,0.009235967965777993,[],[],[],[]
"(56, 99)",0.15700373706730444,0.0075951810292247575,[],[],[],[]
"(57, 96)",0.11597092976888201,-0.0083254847766676,[],[],[],[]
"(57, 97)",0.08514849636972088,0.005280261536371647,[],[],[],[]
"(57, 98)",0.08521573578755011,0.00919860469658391,[],[],[],[]
"(57, 99)",0.05825972069555164,0.006050610232315517,[],[],[],[]
"(58, 97)",0.20083186568817152,-0.020054569024832183,[],[],[],[]
"(58, 98)",0.20188648484151686,-0.010381145229665835,[],[],[],[]
"(58, 99)",0.17745702312812303,-0.010348087588401665,[],[],[],[]
"(65, 94)",0.1319538665043011,-0.0023148602030165647,[],[],[],[]
"(66, 92)",0.06117983526595673,-0.025758886887532955,[],[],[],[]
"(69, 87)",0.018430134225198125,-0.022827436100380415,[],[],[],[]
"(69, 92)",0.10728578454315381,0.020376157098253616,[],[],[],[]
"(70, 87)",0.023705158097409366,-0.03925798738578153,[],[],[],[]
"(70, 88)",0.038279299540302944,0.0032316138852399845,[],[],[],[]
"(70, 92)",0.0993123165698194,0.01077159133345419,[],[],[],[]
"(71, 87)",0.06832400443756542,-0.042328959016292356,[],[],[],[]
"(73, 86)",0.07630665522078396,0.04986576445825139,[],[],[],[]
"(73, 87)",0.05863917564944123,0.04764872774234757,[],[],[],[]
"(74, 86)",0.06095913477840069,0.007702046216410646,[],[],[],[]
"(74, 87)",0.042732926760203224,0.011692204784036707,[],[],[],[]
"(74, 88)",0.06398479474423018,0.048062698867480345,[],[],[],[]
"(76, 163)",0.7622337813932859,0.701174925853003,"[40, 21, 56]",[264],"[28, 38, 39, 40, 41, 42, 56, 57, 58, 59, 265, 266, 267, 17, 18, 19, 20, 21, 22, 23, 24, 25, 44, 242, 243, 244, 264, 265, 356, 357, 40, 41, 42, 54, 55, 56, 57, 58, 96, 97, 98, 99]","[21, 22, 24, 25, 42, 243, 244, 262, 263, 264, 265, 266, 273, 352, 356]"
"(77, 162)",0.6452859163864936,0.7033019985425265,"[40, 21, 56]",[266],"[28, 38, 39, 40, 41, 42, 56, 57, 58, 59, 265, 266, 267, 17, 18, 19, 20, 21, 22, 23, 24, 25, 44, 242, 243, 244, 264, 265, 356, 357, 40, 41, 42, 54, 55, 56, 57, 58, 96, 97, 98, 99]","[25, 28, 39, 40, 41, 42, 263, 264, 265, 266, 267, 268, 269, 270, 273]"
"(77, 163)",0.6357560570015379,0.6816774678482846,"[40, 21, 56]",[264],"[28, 38, 39, 40, 41, 42, 56, 57, 58, 59, 265, 266, 267, 17, 18, 19, 20, 21, 22, 23, 24, 25, 44, 242, 243, 244, 264, 265, 356, 357, 40, 41, 42, 54, 55, 56, 57, 58, 96, 97, 98, 99]","[21, 22, 24, 25, 42, 243, 244, 262, 263, 264, 265, 266, 273, 352, 356]"
"(78, 163)",0.5552668310923843,0.6737971750388778,[],[264],[],"[21, 22, 24, 25, 42, 243, 244, 262, 263, 264, 265, 266, 273, 352, 356]"
"(83, 162)",0.5404361757290679,0.684119336367555,[],[264],[],"[21, 22, 24, 25, 42, 243, 244, 262, 263, 264, 265, 266, 273, 352, 356]"
"(83, 191)",0.5600358968438595,0.874897827643637,[],[262],[],"[244, 245, 247, 260, 261, 262, 263, 264, 272, 273]"
"(83, 233)",0.60664154086346,0.6274559352311476,"[41, 20, 56]",[263],"[39, 40, 41, 42, 43, 55, 56, 57, 265, 266, 267, 16, 17, 18, 19, 20, 21, 22, 23, 24, 43, 44, 45, 46, 241, 242, 243, 40, 41, 42, 54, 55, 56, 57, 58, 96, 97, 98, 99]","[244, 247, 261, 262, 263, 264, 265, 266, 272, 273]"
"(83, 234)",0.6061558385224812,0.6066854817471203,"[42, 17, 56]",[262],"[24, 25, 27, 28, 40, 41, 42, 43, 44, 53, 54, 55, 56, 57, 96, 264, 265, 266, 15, 16, 17, 18, 19, 20, 21, 46, 240, 241, 242, 243, 244, 245, 246, 40, 41, 42, 54, 55, 56, 57, 58, 96, 97, 98, 99]","[244, 245, 247, 260, 261, 262, 263, 264, 272, 273]"
"(83, 235)",0.5923843557719569,0.6220570501472064,[],[263],[],"[244, 247, 261, 262, 263, 264, 265, 266, 272, 273]"
"(84, 233)",0.7081371653469694,0.6139240782840045,"[42, 17, 56]",[263],"[24, 25, 27, 28, 40, 41, 42, 43, 44, 53, 54, 55, 56, 57, 96, 264, 265, 266, 15, 16, 17, 18, 19, 20, 21, 46, 240, 241, 242, 243, 244, 245, 246, 40, 41, 42, 54, 55, 56, 57, 58, 96, 97, 98, 99]","[244, 247, 261, 262, 263, 264, 265, 266, 272, 273]"
"(84, 234)",0.7087747255604946,0.5993602935897586,"[42, 21, 56]",[],"[24, 25, 27, 28, 40, 41, 42, 43, 44, 53, 54, 55, 56, 57, 96, 264, 265, 266, 17, 18, 19, 20, 21, 22, 23, 24, 25, 44, 242, 243, 244, 264, 265, 356, 357, 40, 41, 42, 54, 55, 56, 57, 58, 96, 97, 98, 99]",[]
"(84, 235)",0.6987386732670502,0.6191181715293315,"[40, 21, 56]",[263],"[28, 38, 39, 40, 41, 42, 56, 57, 58, 59, 265, 266, 267, 17, 18, 19, 20, 21, 22, 23, 24, 25, 44, 242, 243, 244, 264, 265, 356, 357, 40, 41, 42, 54, 55, 56, 57, 58, 96, 97, 98, 99]","[244, 247, 261, 262, 263, 264, 265, 266, 272, 273]"
"(84, 236)",0.7216780153765197,0.5538774947242129,"[42, 21, 56]",[],"[24, 25, 27, 28, 40, 41, 42, 43, 44, 53, 54, 55, 56, 57, 96, 264, 265, 266, 17, 18, 19, 20, 21, 22, 23, 24, 25, 44, 242, 243, 244, 264, 265, 356, 357, 40, 41, 42, 54, 55, 56, 57, 58, 96, 97, 98, 99]",[]
"(84, 237)",0.7608353381062212,0.5485982517872331,"[42, 17, 55]",[],"[24, 25, 27, 28, 40, 41, 42, 43, 44, 53, 54, 55, 56, 57, 96, 264, 265, 266, 15, 16, 17, 18, 19, 20, 21, 46, 240, 241, 242, 243, 244, 245, 246, 41, 42, 43, 53, 54, 55, 56, 57, 95, 96, 97, 98]",[]
"(85, 235)",0.7580330632717465,0.6080317499780252,"[42, 20, 56]",[263],"[24, 25, 27, 28, 40, 41, 42, 43, 44, 53, 54, 55, 56, 57, 96, 264, 265, 266, 16, 17, 18, 19, 20, 21, 22, 23, 24, 43, 44, 45, 46, 241, 242, 243, 40, 41, 42, 54, 55, 56, 57, 58, 96, 97, 98, 99]","[244, 247, 261, 262, 263, 264, 265, 266, 272, 273]"
"(85, 236)",0.7882818461579911,0.5472766860738264,"[42, 20, 56]",[],"[24, 25, 27, 28, 40, 41, 42, 43, 44, 53, 54, 55, 56, 57, 96, 264, 265, 266, 16, 17, 18, 19, 20, 21, 22, 23, 24, 43, 44, 45, 46, 241, 242, 243, 40, 41, 42, 54, 55, 56, 57, 58, 96, 97, 98, 99]",[]
"(85, 237)",0.8271384128912398,0.5414448808329926,"[42, 20, 56]",[],"[24, 25, 27, 28, 40, 41, 42, 43, 44, 53, 54, 55, 56, 57, 96, 264, 265, 266, 16, 17, 18, 19, 20, 21, 22, 23, 24, 43, 44, 45, 46, 241, 242, 243, 40, 41, 42, 54, 55, 56, 57, 58, 96, 97, 98, 99]",[]
"(103, 118)",0.0024335750569343868,-0.053627315645719736,[],[],[],[]
"(103, 303)",0.8408723296013291,-0.13857958637241047,[10],[],"[8, 9, 10, 11, 12, 139, 142, 143, 146, 166, 167, 168, 249, 253, 358]",[]
"(103, 304)",0.8509407873478357,-0.06351671808585967,[10],[],"[8, 9, 10, 11, 12, 139, 142, 143, 146, 166, 167, 168, 249, 253, 358]",[]
"(105, 304)",0.8336514536107916,-0.08479950216225476,[10],[],"[8, 9, 10, 11, 12, 139, 142, 143, 146, 166, 167, 168, 249, 253, 358]",[]
"(106, 116)",0.013304211248134148,-0.07597070477735782,[],[],[],[]
"(106, 117)",-0.0009870619419922386,-0.16047019088031977,[],[],[],[]
"(106, 118)",-0.007659319588602677,-0.05741118352766372,[],[],[],[]
"(106, 303)",0.8269549084755388,-0.15121008602208422,[10],[],"[8, 9, 10, 11, 12, 139, 142, 143, 146, 166, 167, 168, 249, 253, 358]",[]
"(106, 304)",0.8447532430877304,-0.08040019629059725,[10],[],"[8, 9, 10, 11, 12, 139, 142, 143, 146, 166, 167, 168, 249, 253, 358]",[]
"(106, 305)",0.8477680126963832,-0.07172670033195346,[10],[],"[8, 9, 10, 11, 12, 139, 142, 143, 146, 166, 167, 168, 249, 253, 358]",[]
"(107, 117)",-0.021480413702754657,-0.12393214134720579,[],[],[],[]
"(107, 118)",-0.033649816293616,-0.021026030625032634,[],[],[],[]
"(107, 269)",0.8383759713506802,0.12439795076222682,[10],[],"[8, 9, 10, 11, 12, 139, 142, 143, 146, 166, 167, 168, 249, 253, 358]",[]
"(107, 303)",0.8062427392724291,-0.14384788203397053,[10],[],"[8, 9, 10, 11, 12, 139, 142, 143, 146, 166, 167, 168, 249, 253, 358]",[]
"(107, 304)",0.8307458911378682,-0.07044509122519134,[10],[],"[8, 9, 10, 11, 12, 139, 142, 143, 146, 166, 167, 168, 249, 253, 358]",[]
"(107, 305)",0.8345872654180742,-0.0611522583771828,[10],[],"[8, 9, 10, 11, 12, 139, 142, 143, 146, 166, 167, 168, 249, 253, 358]",[]
"(112, 339)",0.8459146029196049,0.005741627771041969,[9],[],"[7, 8, 9, 10, 11, 138, 139, 142, 143, 166, 167, 168, 169, 249, 253]",[]
"(113, 339)",0.8679587349018579,0.007122710993966242,[9],[],"[7, 8, 9, 10, 11, 138, 139, 142, 143, 166, 167, 168, 169, 249, 253]",[]
"(113, 340)",0.8716405863194486,0.030915257567256382,[9],[],"[7, 8, 9, 10, 11, 138, 139, 142, 143, 166, 167, 168, 169, 249, 253]",[]
"(114, 306)",0.8156980737044408,-0.1442305813277159,[10],[],"[8, 9, 10, 11, 12, 139, 142, 143, 146, 166, 167, 168, 249, 253, 358]",[]
"(114, 339)",0.8731810975412496,0.002380017361786332,[9],[],"[7, 8, 9, 10, 11, 138, 139, 142, 143, 166, 167, 168, 169, 249, 253]",[]
"(115, 304)",0.7669242240783152,-0.10092097790133896,[10],[],"[8, 9, 10, 11, 12, 139, 142, 143, 146, 166, 167, 168, 249, 253, 358]",[]
"(115, 305)",0.7790066010470954,-0.0898650265828301,[10],[],"[8, 9, 10, 11, 12, 139, 142, 143, 146, 166, 167, 168, 249, 253, 358]",[]
"(115, 306)",0.8166129395982686,-0.11851708199585506,[10],[],"[8, 9, 10, 11, 12, 139, 142, 143, 146, 166, 167, 168, 249, 253, 358]",[]
"(115, 338)",0.8480811389243329,0.021837120332158573,[9],[],"[7, 8, 9, 10, 11, 138, 139, 142, 143, 166, 167, 168, 169, 249, 253]",[]
"(115, 339)",0.8828191774790547,0.0031707825129445584,[9],[],"[7, 8, 9, 10, 11, 138, 139, 142, 143, 166, 167, 168, 169, 249, 253]",[]
"(116, 303)",0.8129471770707227,-0.14611810410484893,[10],[],"[8, 9, 10, 11, 12, 139, 142, 143, 146, 166, 167, 168, 249, 253, 358]",[]
"(116, 304)",0.8035281185323029,-0.07287766309809139,[10],[],"[8, 9, 10, 11, 12, 139, 142, 143, 146, 166, 167, 168, 249, 253, 358]",[]
"(116, 305)",0.8123958290227212,-0.06382608770976585,[10],[],"[8, 9, 10, 11, 12, 139, 142, 143, 146, 166, 167, 168, 249, 253, 358]",[]
"(116, 306)",0.8523218515980123,-0.09422928978949591,[10],[],"[8, 9, 10, 11, 12, 139, 142, 143, 146, 166, 167, 168, 249, 253, 358]",[]
"(116, 307)",0.8467421182830474,-0.09321090858424701,[10],[],"[8, 9, 10, 11, 12, 139, 142, 143, 146, 166, 167, 168, 249, 253, 358]",[]
"(116, 337)",0.8704320222913103,0.011537991919182512,[9],[],"[7, 8, 9, 10, 11, 138, 139, 142, 143, 166, 167, 168, 169, 249, 253]",[]
"(116, 338)",0.8864548871742525,0.019170367834465567,[9],[],"[7, 8, 9, 10, 11, 138, 139, 142, 143, 166, 167, 168, 169, 249, 253]",[]
"(116, 339)",0.9255261495204118,0.003245459247870031,[9],[],"[7, 8, 9, 10, 11, 138, 139, 142, 143, 166, 167, 168, 169, 249, 253]",[]
"(117, 269)",0.8905287914502019,0.25322486180075765,[9],[],"[7, 8, 9, 10, 11, 138, 139, 142, 143, 166, 167, 168, 169, 249, 253]",[]
"(117, 270)",0.8442512241837344,0.20689861046370608,[10],[],"[8, 9, 10, 11, 12, 139, 142, 143, 146, 166, 167, 168, 249, 253, 358]",[]
"(117, 271)",0.8225848016625831,0.20863886677323457,[10],[],"[8, 9, 10, 11, 12, 139, 142, 143, 146, 166, 167, 168, 249, 253, 358]",[]
"(117, 301)",0.8091528552047992,-0.08113113088190094,[9],[],"[7, 8, 9, 10, 11, 138, 139, 142, 143, 166, 167, 168, 169, 249, 253]",[]
"(117, 302)",0.7854717545514663,-0.10611507114666593,[10],[],"[8, 9, 10, 11, 12, 139, 142, 143, 146, 166, 167, 168, 249, 253, 358]",[]
"(117, 303)",0.7948899782889878,-0.10779184464240868,[10],[],"[8, 9, 10, 11, 12, 139, 142, 143, 146, 166, 167, 168, 249, 253, 358]",[]
"(117, 304)",0.7863484472769329,-0.025444655497030056,[10],[],"[8, 9, 10, 11, 12, 139, 142, 143, 146, 166, 167, 168, 249, 253, 358]",[]
"(117, 305)",0.7876580981047875,-0.01998334058680018,[10],[],"[8, 9, 10, 11, 12, 139, 142, 143, 146, 166, 167, 168, 249, 253, 358]",[]
"(117, 306)",0.8214012816614015,-0.05451824741833097,[10],[],"[8, 9, 10, 11, 12, 139, 142, 143, 146, 166, 167, 168, 249, 253, 358]",[]
"(117, 337)",0.8356375967304406,0.009538909385605946,[9],[],"[7, 8, 9, 10, 11, 138, 139, 142, 143, 166, 167, 168, 169, 249, 253]",[]
"(117, 338)",0.8564840170962364,0.019119805461859776,[9],[],"[7, 8, 9, 10, 11, 138, 139, 142, 143, 166, 167, 168, 169, 249, 253]",[]
"(118, 269)",0.8664532853177963,0.16446067198465664,[10],[],"[8, 9, 10, 11, 12, 139, 142, 143, 146, 166, 167, 168, 249, 253, 358]",[]
"(118, 270)",0.8178277266876508,0.1268042074340746,[10],[],"[8, 9, 10, 11, 12, 139, 142, 143, 146, 166, 167, 168, 249, 253, 358]",[]
"(118, 271)",0.7960593066748939,0.13143770341689895,[10],[],"[8, 9, 10, 11, 12, 139, 142, 143, 146, 166, 167, 168, 249, 253, 358]",[]
"(118, 303)",0.7665483360009921,-0.09688978128044974,[10],[],"[8, 9, 10, 11, 12, 139, 142, 143, 146, 166, 167, 168, 249, 253, 358]",[]
"(118, 304)",0.7545884470913274,-0.01123945573420987,[10],[],"[8, 9, 10, 11, 12, 139, 142, 143, 146, 166, 167, 168, 249, 253, 358]",[]
"(119, 270)",0.8860734590546027,0.11222806199470581,[10],[],"[8, 9, 10, 11, 12, 139, 142, 143, 146, 166, 167, 168, 249, 253, 358]",[]
"(119, 271)",0.8696370641629116,0.11132076622720809,[10],[],"[8, 9, 10, 11, 12, 139, 142, 143, 146, 166, 167, 168, 249, 253, 358]",[]
"(119, 272)",0.8521520075606512,0.11750748517278871,[9],[],"[7, 8, 9, 10, 11, 138, 139, 142, 143, 166, 167, 168, 169, 249, 253]",[]
"(119, 301)",0.8631551387495787,-0.054243408195228736,[10],[],"[8, 9, 10, 11, 12, 139, 142, 143, 146, 166, 167, 168, 249, 253, 358]",[]
"(119, 302)",0.8344745672967689,-0.08405601709835119,[10],[],"[8, 9, 10, 11, 12, 139, 142, 143, 146, 166, 167, 168, 249, 253, 358]",[]
"(119, 303)",0.8395815756301783,-0.09305840563827879,[10],[],"[8, 9, 10, 11, 12, 139, 142, 143, 146, 166, 167, 168, 249, 253, 358]",[]
"(119, 304)",0.8251732156850456,-0.005088187367696388,[10],[],"[8, 9, 10, 11, 12, 139, 142, 143, 146, 166, 167, 168, 249, 253, 358]",[]
"(120, 300)",0.8966639709266705,-0.03812921799125922,[10],[],"[8, 9, 10, 11, 12, 139, 142, 143, 146, 166, 167, 168, 249, 253, 358]",[]
"(120, 301)",0.8943756298817439,-0.042431772336048744,[10],[],"[8, 9, 10, 11, 12, 139, 142, 143, 146, 166, 167, 168, 249, 253, 358]",[]
"(120, 302)",0.8724966366954237,-0.07471805756995133,[10],[],"[8, 9, 10, 11, 12, 139, 142, 143, 146, 166, 167, 168, 249, 253, 358]",[]
"(120, 303)",0.8815495212033401,-0.08982683444172111,[9],[],"[7, 8, 9, 10, 11, 138, 139, 142, 143, 166, 167, 168, 169, 249, 253]",[]
"(121, 259)",0.8028757595755759,0.15114984754815422,[9],[],"[7, 8, 9, 10, 11, 138, 139, 142, 143, 166, 167, 168, 169, 249, 253]",[]
"(121, 261)",0.8205956987942938,0.0904053324916735,[9],[],"[7, 8, 9, 10, 11, 138, 139, 142, 143, 166, 167, 168, 169, 249, 253]",[]
"(121, 271)",0.8925198674842514,0.048516304062546894,[10],[],"[8, 9, 10, 11, 12, 139, 142, 143, 146, 166, 167, 168, 249, 253, 358]",[]
"(121, 272)",0.8741489353466405,0.05643466569020269,[10],[],"[8, 9, 10, 11, 12, 139, 142, 143, 146, 166, 167, 168, 249, 253, 358]",[]
"(121, 300)",0.9122211686901993,-0.03343893657458531,[10],[],"[8, 9, 10, 11, 12, 139, 142, 143, 146, 166, 167, 168, 249, 253, 358]",[]
"(121, 301)",0.9105083849193325,-0.041001284078128045,[9],[],"[7, 8, 9, 10, 11, 138, 139, 142, 143, 166, 167, 168, 169, 249, 253]",[]
"(121, 302)",0.8906597034092939,-0.06811969640401742,[9],[],"[7, 8, 9, 10, 11, 138, 139, 142, 143, 166, 167, 168, 169, 249, 253]",[]
"(122, 259)",0.7845606073161867,0.14118119594089446,[9],[],"[7, 8, 9, 10, 11, 138, 139, 142, 143, 166, 167, 168, 169, 249, 253]",[]
"(122, 260)",0.7704464008513092,0.11943599857131565,[9],[],"[7, 8, 9, 10, 11, 138, 139, 142, 143, 166, 167, 168, 169, 249, 253]",[]
"(122, 261)",0.8027719407001916,0.08483350132612327,[9],[],"[7, 8, 9, 10, 11, 138, 139, 142, 143, 166, 167, 168, 169, 249, 253]",[]
"(122, 272)",0.8618095914830862,0.04922621210621817,[10],[],"[8, 9, 10, 11, 12, 139, 142, 143, 146, 166, 167, 168, 249, 253, 358]",[]
"(122, 298)",0.9383939223527528,-0.049137974599878065,[10],[],"[8, 9, 10, 11, 12, 139, 142, 143, 146, 166, 167, 168, 249, 253, 358]",[]
"(122, 299)",0.9373932996393459,0.015048035620025912,[10],[],"[8, 9, 10, 11, 12, 139, 142, 143, 146, 166, 167, 168, 249, 253, 358]",[]
"(122, 300)",0.92233296019244,-0.03263211099250371,[10],[],"[8, 9, 10, 11, 12, 139, 142, 143, 146, 166, 167, 168, 249, 253, 358]",[]
"(122, 301)",0.924089457173995,-0.043565745006626265,[9],[],"[7, 8, 9, 10, 11, 138, 139, 142, 143, 166, 167, 168, 169, 249, 253]",[]
"(123, 258)",0.774242012864076,0.18453114491524372,[9],[],"[7, 8, 9, 10, 11, 138, 139, 142, 143, 166, 167, 168, 169, 249, 253]",[]
"(123, 259)",0.7617319142712715,0.1748306825830193,[9],[],"[7, 8, 9, 10, 11, 138, 139, 142, 143, 166, 167, 168, 169, 249, 253]",[]
"(123, 260)",0.7475956994190684,0.1547539865911884,[9],[],"[7, 8, 9, 10, 11, 138, 139, 142, 143, 166, 167, 168, 169, 249, 253]",[]
"(123, 261)",0.7766750780284162,0.12325877007240717,[9],[],"[7, 8, 9, 10, 11, 138, 139, 142, 143, 166, 167, 168, 169, 249, 253]",[]
"(123, 272)",0.869768507358939,0.09744659347978733,[10],[],"[8, 9, 10, 11, 12, 139, 142, 143, 146, 166, 167, 168, 249, 253, 358]",[]
"(123, 275)",0.9248144438088965,-0.029836898763358304,[10],[],"[8, 9, 10, 11, 12, 139, 142, 143, 146, 166, 167, 168, 249, 253, 358]",[]
"(123, 276)",0.925224027486125,-0.028108187370801927,[10],[],"[8, 9, 10, 11, 12, 139, 142, 143, 146, 166, 167, 168, 249, 253, 358]",[]
"(123, 279)",0.9534610160978377,-0.10015207884189863,[10],[],"[8, 9, 10, 11, 12, 139, 142, 143, 146, 166, 167, 168, 249, 253, 358]",[]
"(123, 298)",0.9428292954177775,-0.060071200699925185,[10],[],"[8, 9, 10, 11, 12, 139, 142, 143, 146, 166, 167, 168, 249, 253, 358]",[]
"(123, 299)",0.9424770094385864,0.006148963177668604,[10],[],"[8, 9, 10, 11, 12, 139, 142, 143, 146, 166, 167, 168, 249, 253, 358]",[]
"(123, 300)",0.9330498305641532,-0.037507338753703406,[10],[],"[8, 9, 10, 11, 12, 139, 142, 143, 146, 166, 167, 168, 249, 253, 358]",[]
"(124, 256)",0.8040585206668497,0.14886772007809757,[9],[],"[7, 8, 9, 10, 11, 138, 139, 142, 143, 166, 167, 168, 169, 249, 253]",[]
"(124, 257)",0.7750586758158372,0.14826003245581723,[10],[],"[8, 9, 10, 11, 12, 139, 142, 143, 146, 166, 167, 168, 249, 253, 358]",[]
"(124, 258)",0.765188673010215,0.15451245402666383,[9],[],"[7, 8, 9, 10, 11, 138, 139, 142, 143, 166, 167, 168, 169, 249, 253]",[]
"(124, 259)",0.7529672637463296,0.1445474831324568,[9],[],"[7, 8, 9, 10, 11, 138, 139, 142, 143, 166, 167, 168, 169, 249, 253]",[]
"(124, 276)",0.9257773486998867,-0.038538253830397974,[10],[],"[8, 9, 10, 11, 12, 139, 142, 143, 146, 166, 167, 168, 249, 253, 358]",[]
"(124, 279)",0.9586567409994664,-0.10677893707486963,[10],[],"[8, 9, 10, 11, 12, 139, 142, 143, 146, 166, 167, 168, 249, 253, 358]",[]
"(124, 280)",0.9734991974118489,-0.11777509577901935,[10],[],"[8, 9, 10, 11, 12, 139, 142, 143, 146, 166, 167, 168, 249, 253, 358]",[]
"(124, 296)",0.9672019147790786,-0.0719453327900108,[10],[],"[8, 9, 10, 11, 12, 139, 142, 143, 146, 166, 167, 168, 249, 253, 358]",[]
"(124, 297)",0.9653607993428063,-0.036217353178834184,[10],[],"[8, 9, 10, 11, 12, 139, 142, 143, 146, 166, 167, 168, 249, 253, 358]",[]
"(124, 298)",0.9500541936308262,-0.0572622569446359,[10],[],"[8, 9, 10, 11, 12, 139, 142, 143, 146, 166, 167, 168, 249, 253, 358]",[]
"(124, 299)",0.9524734466348447,0.008437418059081377,[10],[],"[8, 9, 10, 11, 12, 139, 142, 143, 146, 166, 167, 168, 249, 253, 358]",[]
"(125, 256)",0.7773867837399315,0.20242550060351705,[9],[],"[7, 8, 9, 10, 11, 138, 139, 142, 143, 166, 167, 168, 169, 249, 253]",[]
"(125, 276)",0.8927173358422555,0.03149114212121385,[10],[],"[8, 9, 10, 11, 12, 139, 142, 143, 146, 166, 167, 168, 249, 253, 358]",[]
"(125, 277)",0.9250227645785819,-0.07651219648293212,[9],[],"[7, 8, 9, 10, 11, 138, 139, 142, 143, 166, 167, 168, 169, 249, 253]",[]
"(125, 278)",0.9396962117545018,-0.14408088634840646,[10],[],"[8, 9, 10, 11, 12, 139, 142, 143, 146, 166, 167, 168, 249, 253, 358]",[]
"(125, 279)",0.9298111066417147,-0.022888220040806605,[10],[],"[8, 9, 10, 11, 12, 139, 142, 143, 146, 166, 167, 168, 249, 253, 358]",[]
"(125, 280)",0.9425712660491326,-0.03473598475478381,[10],[],"[8, 9, 10, 11, 12, 139, 142, 143, 146, 166, 167, 168, 249, 253, 358]",[]
"(125, 281)",0.9631768843011901,-0.17910399043723776,[10],[],"[8, 9, 10, 11, 12, 139, 142, 143, 146, 166, 167, 168, 249, 253, 358]",[]
"(125, 282)",0.9625910817433754,-0.17202281078797474,[10],[],"[8, 9, 10, 11, 12, 139, 142, 143, 146, 166, 167, 168, 249, 253, 358]",[]
"(125, 283)",0.9562904599070109,-0.06990035517976129,[10],[],"[8, 9, 10, 11, 12, 139, 142, 143, 146, 166, 167, 168, 249, 253, 358]",[]
"(125, 296)",0.937073039658263,-0.07287113647288448,[10],[],"[8, 9, 10, 11, 12, 139, 142, 143, 146, 166, 167, 168, 249, 253, 358]",[]
"(125, 297)",0.9369603415369578,-0.03787389223916076,[10],[],"[8, 9, 10, 11, 12, 139, 142, 143, 146, 166, 167, 168, 249, 253, 358]",[]
"(125, 298)",0.9214992217677539,-0.06116162142817003,[10],[],"[8, 9, 10, 11, 12, 139, 142, 143, 146, 166, 167, 168, 249, 253, 358]",[]
"(126, 252)",0.8149039503769406,0.12974209946906942,[9],[],"[7, 8, 9, 10, 11, 138, 139, 142, 143, 166, 167, 168, 169, 249, 253]",[]
"(126, 256)",0.7659673904665871,0.12651691260211095,[9],[],"[7, 8, 9, 10, 11, 138, 139, 142, 143, 166, 167, 168, 169, 249, 253]",[]
"(126, 279)",0.9507206683118379,-0.0703510195989352,[10],[],"[8, 9, 10, 11, 12, 139, 142, 143, 146, 166, 167, 168, 249, 253, 358]",[]
"(126, 280)",0.9615963026362584,-0.07652972730180181,[9],[],"[7, 8, 9, 10, 11, 138, 139, 142, 143, 166, 167, 168, 169, 249, 253]",[]
"(126, 283)",0.9788503470625907,-0.1082934366595815,[10],[],"[8, 9, 10, 11, 12, 139, 142, 143, 146, 166, 167, 168, 249, 253, 358]",[]
"(126, 284)",0.9951433838727022,-0.09168564196521854,[10],[],"[8, 9, 10, 11, 12, 139, 142, 143, 146, 166, 167, 168, 249, 253, 358]",[]
"(126, 294)",0.9910171148131159,-0.10260139416463904,[10],[],"[8, 9, 10, 11, 12, 139, 142, 143, 146, 166, 167, 168, 249, 253, 358]",[]
"(126, 295)",0.9787295286052723,-0.06677297282716785,[10],[],"[8, 9, 10, 11, 12, 139, 142, 143, 146, 166, 167, 168, 249, 253, 358]",[]
"(126, 296)",0.9616510200406093,-0.08678879475802098,[10],[],"[8, 9, 10, 11, 12, 139, 142, 143, 146, 166, 167, 168, 249, 253, 358]",[]
"(126, 297)",0.9616994384927255,-0.05153986753975613,[10],[],"[8, 9, 10, 11, 12, 139, 142, 143, 146, 166, 167, 168, 249, 253, 358]",[]
"(127, 280)",0.9705497699462557,-0.0915065297406088,[10],[],"[8, 9, 10, 11, 12, 139, 142, 143, 146, 166, 167, 168, 249, 253, 358]",[]
"(127, 283)",0.9911629014064004,-0.1119453775404319,[10],[],"[8, 9, 10, 11, 12, 139, 142, 143, 146, 166, 167, 168, 249, 253, 358]",[]
"(127, 284)",1.006669631661062,-0.09263101603733909,[10],[],"[8, 9, 10, 11, 12, 139, 142, 143, 146, 166, 167, 168, 249, 253, 358]",[]
"(127, 287)",1.0171870605090105,-0.1358892697220809,[10],[],"[8, 9, 10, 11, 12, 139, 142, 143, 146, 166, 167, 168, 249, 253, 358]",[]
"(127, 294)",1.004539599222898,-0.11476387407418535,[10],[],"[8, 9, 10, 11, 12, 139, 142, 143, 146, 166, 167, 168, 249, 253, 358]",[]
"(127, 295)",0.992433923719949,-0.07923405532630373,[10],[],"[8, 9, 10, 11, 12, 139, 142, 143, 146, 166, 167, 168, 249, 253, 358]",[]
"(127, 296)",0.9752327753141888,-0.10002388947210086,[10],[],"[8, 9, 10, 11, 12, 139, 142, 143, 146, 166, 167, 168, 249, 253, 358]",[]
"(128, 284)",1.0951984455692652,-0.17110585789190053,[10],[],"[8, 9, 10, 11, 12, 139, 142, 143, 146, 166, 167, 168, 249, 253, 358]",[]
"(128, 287)",1.1078876469003056,-0.19542011708129345,[10],[],"[8, 9, 10, 11, 12, 139, 142, 143, 146, 166, 167, 168, 249, 253, 358]",[]
"(128, 293)",1.1108456500478565,-0.183787792660574,[10],[],"[8, 9, 10, 11, 12, 139, 142, 143, 146, 166, 167, 168, 249, 253, 358]",[]
"(128, 294)",1.0990872517187074,-0.1305528144644284,[10],[],"[8, 9, 10, 11, 12, 139, 142, 143, 146, 166, 167, 168, 249, 253, 358]",[]
"(128, 295)",1.0860684558147182,-0.09427489078857959,[10],[],"[8, 9, 10, 11, 12, 139, 142, 143, 146, 166, 167, 168, 249, 253, 358]",[]
"(129, 287)",1.1328377208104359,-0.20695721728133434,[10],[],"[8, 9, 10, 11, 12, 139, 142, 143, 146, 166, 167, 168, 249, 253, 358]",[]
"(129, 293)",1.1384674662883236,-0.19127521678347123,[10],[],"[8, 9, 10, 11, 12, 139, 142, 143, 146, 166, 167, 168, 249, 253, 358]",[]
"(129, 294)",1.1267807849454594,-0.13864843847379374,[10],[],"[8, 9, 10, 11, 12, 139, 142, 143, 146, 166, 167, 168, 249, 253, 358]",[]
"(133, 362)",0.8425873142109286,-0.07730853013553868,[9],[],"[7, 8, 9, 10, 11, 138, 139, 142, 143, 166, 167, 168, 169, 249, 253]",[]
"(133, 363)",0.8731106707018077,-0.09290352161247489,[9],[],"[7, 8, 9, 10, 11, 138, 139, 142, 143, 166, 167, 168, 169, 249, 253]",[]
"(133, 364)",0.9009671418857601,0.0,[9],[],"[7, 8, 9, 10, 11, 138, 139, 142, 143, 166, 167, 168, 169, 249, 253]",[]
"(134, 284)",0.990983950450146,-0.16987761912440297,[10],[],"[8, 9, 10, 11, 12, 139, 142, 143, 146, 166, 167, 168, 249, 253, 358]",[]
"(134, 287)",1.0785872737258126,-0.18693417621998346,[10],[],"[8, 9, 10, 11, 12, 139, 142, 143, 146, 166, 167, 168, 249, 253, 358]",[]
"(134, 288)",1.0496843416700234,-0.19090841665229386,[10],[],"[8, 9, 10, 11, 12, 139, 142, 143, 146, 166, 167, 168, 249, 253, 358]",[]
"(134, 362)",0.8175117924930423,-0.048679763770308686,[9],[],"[7, 8, 9, 10, 11, 138, 139, 142, 143, 166, 167, 168, 169, 249, 253]",[]
"(135, 252)",0.6854408261899708,-0.06951404157758014,[10],[],"[8, 9, 10, 11, 12, 139, 142, 143, 146, 166, 167, 168, 249, 253, 358]",[]
"(135, 361)",0.8957518371085107,-0.030737373828059862,[9],[],"[7, 8, 9, 10, 11, 138, 139, 142, 143, 166, 167, 168, 169, 249, 253]",[]
"(135, 362)",0.942301853031871,-0.040842709852897584,[9],[],"[7, 8, 9, 10, 11, 138, 139, 142, 143, 166, 167, 168, 169, 249, 253]",[]
"(136, 252)",0.765513638232726,-0.09099676995555352,[10],[],"[8, 9, 10, 11, 12, 139, 142, 143, 146, 166, 167, 168, 249, 253, 358]",[]
"(136, 253)",0.7060661002086399,-0.036151202322403916,[9],[],"[7, 8, 9, 10, 11, 138, 139, 142, 143, 166, 167, 168, 169, 249, 253]",[]
"(136, 255)",0.6298370909577956,-0.06300704842135592,[10],[],"[8, 9, 10, 11, 12, 139, 142, 143, 146, 166, 167, 168, 249, 253, 358]",[]
"(138, 169)",0.1467514049365168,-0.007334579667470498,[],[],[],[]
"(138, 170)",0.1319365538720299,-0.1423050087050816,[],[],[],[]
"(138, 171)",0.07256438508816014,-0.14402534362953087,[],[],[],[]
"(138, 253)",0.6797600060752896,-0.08103830671380569,[9],[],"[7, 8, 9, 10, 11, 138, 139, 142, 143, 166, 167, 168, 169, 249, 253]",[]
"(139, 249)",0.7107554804197983,-0.08298006309022339,[10],[],"[8, 9, 10, 11, 12, 139, 142, 143, 146, 166, 167, 168, 249, 253, 358]",[]
"(139, 252)",0.7587379387940918,-0.13857617127782546,[10],[],"[8, 9, 10, 11, 12, 139, 142, 143, 146, 166, 167, 168, 249, 253, 358]",[]
"(139, 253)",0.6987529407733165,-0.07931197165789804,[10],[],"[8, 9, 10, 11, 12, 139, 142, 143, 146, 166, 167, 168, 249, 253, 358]",[]
"(140, 362)",0.9802390763028359,-0.05205749152873078,[10],[],"[8, 9, 10, 11, 12, 139, 142, 143, 146, 166, 167, 168, 249, 253, 358]",[]
"(141, 169)",0.06214336151443396,-0.16465677430482678,[],[],[],[]
"(141, 211)",0.017820048921927893,0.19598510653488738,[],[],[],[]
"(141, 212)",0.017516458871288134,0.13999065602306585,[],[],[],[]
"(142, 167)",0.14515975267330536,-0.06465219908987889,[],[],[],[]
"(142, 168)",0.1363945329659326,-0.17546905862469545,[],[],[],[]
"(142, 169)",0.058813705955482756,-0.1183143487003657,[],[],[],[]
"(143, 167)",0.18247563743002376,-0.10045739778417204,[],[],[],[]
"(143, 358)",0.9018902040065919,0.003722502901119647,[10],[],"[8, 9, 10, 11, 12, 139, 142, 143, 146, 166, 167, 168, 249, 253, 358]",[]
"(143, 359)",0.8425344181903563,0.012576697680399125,[10],[],"[8, 9, 10, 11, 12, 139, 142, 143, 146, 166, 167, 168, 249, 253, 358]",[]
"(144, 211)",-0.003109019104418641,0.11271652487047404,[],[],[],[]
"(144, 358)",0.8757107719368501,-0.002822893468031652,[10],[],"[8, 9, 10, 11, 12, 139, 142, 143, 146, 166, 167, 168, 249, 253, 358]",[]
"(145, 167)",0.08770995960408337,-0.21179517307968823,[],[],[],[]
"(145, 186)",0.03441561330880829,0.016749106090784897,[],[],[],[]
"(145, 207)",-0.019949080547650874,0.18442558054707164,[],[],[],[]
"(145, 208)",-0.02374659932156103,0.12380193137977857,[],[],[],[]
"(145, 211)",-0.061202412835713156,0.12982273364677097,[],[],[],[]
"(146, 165)",0.15496689876581585,-0.1166390930244385,[],[],[],[]
"(146, 166)",0.15472919869632556,-0.21282047933784562,[],[],[],[]
"(146, 167)",0.06455846897308123,-0.17729541326326145,[],[],[],[]
"(146, 358)",0.8260028559962298,0.0030620544390944178,[9],[],"[7, 8, 9, 10, 11, 138, 139, 142, 143, 166, 167, 168, 169, 249, 253]",[]
"(147, 358)",0.8578991564012723,0.0002323165523319823,[10],[],"[8, 9, 10, 11, 12, 139, 142, 143, 146, 166, 167, 168, 249, 253, 358]",[]
"(148, 207)",-0.03952375052070542,0.09693085727920829,[],[],[],[]
"(148, 211)",-0.08965049223827477,0.04032628114702769,[],[],[],[]
"(149, 165)",0.13311860348526525,-0.21623809729829535,[],[],[],[]
"(149, 207)",-0.09076586212973785,0.10145879838023437,[],[],[],[]
"(150, 163)",0.1177603065221915,-0.06157868036799009,[],[],[],[]
"(152, 206)",-0.08978227694376062,0.0895300532359102,[],[],[],[]
"(152, 207)",-0.09233619851091455,0.03635859105585881,[],[],[],[]
"(153, 163)",0.11946915344791176,-0.10244251637544546,[],[],[],[]
"(160, 190)",0.006175117110365445,0.029300890181867708,[],[],[],[]
"(160, 191)",-0.0018286930297193654,0.06461154523475654,[],[],[],[]
"(160, 193)",-0.0298627017002228,0.11177960315745139,[],[],[],[]
"(160, 194)",-0.04078373306668929,0.1105475224085457,[],[],[],[]
"(161, 188)",0.006120413935575336,-0.05871177012530724,[],[],[],[]
"(161, 189)",0.031903377239932584,-0.034757556768912436,[],[],[],[]
"(161, 190)",-0.007550304551943658,0.04779883063573244,[],[],[],[]
"(161, 191)",-0.01336689839231344,0.08451884779198417,[],[],[],[]
"(162, 188)",-0.0777837405470423,-0.07085426224515742,[],[],[],[]
"(162, 189)",-0.04864452663465311,-0.04067223022848883,[],[],[],[]
"(162, 190)",-0.08290136413278668,0.04689526775634361,[],[],[],[]
"(162, 191)",-0.08304092766482728,0.08911292789147322,[],[],[],[]
"(163, 188)",-0.13805375667005795,-0.04245319256819581,[],[],[],[]
"(163, 189)",-0.10629569170471738,-0.011829729931496875,[],[],[],[]
"(163, 235)",0.040996569350325966,-0.057957684038629366,[],[],[],[]
"(164, 188)",-0.1684539041374092,0.021801866595348766,[],[],[],[]
"(164, 189)",-0.13929182332086124,0.0565901378711851,[],[],[],[]
"(164, 234)",-0.05043123771691151,-0.055041696040847826,[],[],[],[]
"(164, 235)",-0.0019215219410015317,-0.02872561512742992,[],[],[],[]
"(165, 186)",-0.20287365587680833,0.0302155900641532,[],[],[],[]
"(165, 187)",-0.1343543175153544,0.006156142583975868,[],[],[],[]
"(165, 188)",-0.12373282314630143,0.06767003754047132,[],[],[],[]
"(165, 189)",-0.08871984101836514,0.1024420800022485,[],[],[],[]
"(166, 186)",-0.19676389988225038,0.09902676723064363,[],[],[],[]
"(166, 187)",-0.13183667184179232,0.07428529393822716,[],[],[],[]
"(166, 188)",-0.12284491752694747,0.13761741193220645,[],[],[],[]
"(167, 184)",-0.14863684071140343,0.07136024171023458,[],[],[],[]
"(167, 185)",-0.08129063477176843,0.02480145563425257,[],[],[],[]
"(167, 186)",-0.07373611352664967,0.09912258909287461,[],[],[],[]
"(167, 187)",-0.01384019967108032,0.07256457481563708,[],[],[],[]
"(168, 184)",-0.12398032263997592,0.12902436042378726,[],[],[],[]
"(168, 185)",-0.05890306285393683,0.0840444532086314,[],[],[],[]
"(168, 186)",-0.05009438606796987,0.15838118700904522,[],[],[],[]
"(169, 181)",-0.08242279554494113,0.02102074434320626,[],[],[],[]
"(169, 182)",-0.04735711661028341,-0.021759009529900397,[],[],[],[]
"(169, 183)",-0.014163383826901552,0.013012004846111078,[],[],[],[]
"(169, 184)",-0.00889340196239012,0.1131840892646568,[],[],[],[]
"(169, 185)",0.05534591930694189,0.06799758779985575,[],[],[],[]
"(170, 181)",-0.06494616758584408,0.07992053676975926,[],[],[],[]
"(170, 182)",-0.029791565754335808,0.03493097005443344,[],[],[],[]
"(170, 183)",0.0034821679912932853,0.06979957194400821,[],[],[],[]
"(170, 184)",0.008973902145061068,0.16964979437008765,[],[],[],[]
"(171, 181)",0.013165607025648856,0.07921437110057071,[],[],[],[]
"(171, 182)",0.0463280110594002,0.034773375297302705,[],[],[],[]
"(171, 183)",0.07862745863701583,0.07016086049198034,[],[],[],[]
"(172, 182)",0.0630385099802203,0.06690061198728246,[],[],[],[]
"(179, 216)",-0.06816096687343984,0.24988292613086116,[],[],[],[]
"(180, 215)",-0.07796372551804599,0.20080397574906061,[],[],[],[]
"(180, 216)",-0.05983402238099649,0.24157671410846096,[],[],[],[]
"(180, 217)",-0.07727976270684692,0.20951633738135655,[],[],[],[]
"(180, 218)",-0.10475457335499018,0.24322370039032337,[],[],[],[]
"(181, 216)",-0.055708996036384226,0.24924265281441554,[],[],[],[]
"(181, 217)",-0.07101088702056227,0.21860580134682797,[],[],[],[]
"(181, 218)",-0.09709392804564235,0.24858524710680183,[],[],[],[]
"(181, 221)",-0.09207110179375344,0.19935161191304818,[],[],[],[]
"(182, 217)",0.010144936892463022,0.2503792911560441,[],[],[],[]
"(182, 220)",-0.03397195457672057,0.2710137290118496,[],[],[],[]
"(182, 221)",-0.009362518564493636,0.21629023440895978,[],[],[],[]
"(182, 222)",-0.007591397744754805,0.13529951134637186,[],[],[],[]
"(183, 221)",-0.018747197298294424,0.21482550034145054,[],[],[],[]
"(183, 222)",-0.015950358156034218,0.13474659804668546,[],[],[],[]
"(183, 223)",0.010462879826733655,0.11551067936893547,[],[],[],[]
"(183, 224)",0.018168296077453534,0.13157023754591873,[],[],[],[]
"(184, 221)",-0.07941466165479441,0.19410701321335852,[],[],[],[]
"(184, 222)",-0.0778174551196954,0.11470063790611966,[],[],[],[]
"(184, 223)",-0.04913638088907173,0.09710481840281898,[],[],[],[]
"(184, 224)",-0.04253961343394416,0.10967033639163913,[],[],[],[]
"(185, 223)",-0.024993561819439566,0.10756783341037995,[],[],[],[]
"(185, 224)",-0.017970592931696668,0.11717559489736917,[],[],[],[]
"(185, 225)",0.0067250445738834055,0.15564279341605786,[],[],[],[]
"(186, 223)",-0.02740601072181615,0.07440596535675098,[],[],[],[]
"(186, 224)",-0.020166508236229612,0.07763138463986871,[],[],[],[]
"(186, 225)",0.003499497224718731,0.11941237750043603,[],[],[],[]
"(186, 226)",0.0017653628872627398,0.11537856264036496,[],[],[],[]
"(187, 224)",-0.034435214528770144,0.08463737054683158,[],[],[],[]
"(187, 225)",-0.010082469120678948,0.12360915877682882,[],[],[],[]
"(187, 226)",-0.013975506192856965,0.11773630599635798,[],[],[],[]
"(187, 227)",-0.04330486023945332,0.0453467595213894,[],[],[],[]
"(187, 231)",-0.027873779073036627,-0.006098881052738832,[],[],[],[]
"(188, 226)",-0.03315758021265003,0.06461393105777913,[],[],[],[]
"(188, 231)",-0.04707883383347462,-0.03294618822943159,[],[],[],[]
"(189, 231)",0.10124868468589186,-0.04397019655560334,[],[],[],[]
"(189, 232)",0.07937181644731335,-0.025184781028671843,[],[],[],[]
"(189, 233)",0.07758122543815144,-0.018825514429183777,[],[],[],[]
"(189, 234)",0.10736896106904642,-0.027833938674471682,[],[],[],[]
"(190, 231)",0.1271728384354045,-0.04808691283672543,[],[],[],[]
"(190, 232)",0.10462176412112881,-0.03352032729060117,[],[],[],[]
"(191, 232)",0.2074845837762501,-0.04115425659960171,[],[],[],[]
"(192, 232)",0.18679201342150872,-0.034144917259483834,[],[],[],[]
"(196, 226)",0.13044638683623622,-0.07158158252802531,[],[],[],[]
"(196, 229)",0.11208175365085983,-0.06283925344074594,[],[],[],[]
"(196, 230)",0.13782495481923637,-0.04602750170866734,[],[],[],[]
"(200, 225)",0.09206737364883147,-0.058253952980252516,[],[],[],[]
"(200, 226)",0.17966689288858528,-0.06163430372104337,[],[],[],[]
"(203, 225)",0.1519899418433181,-0.06991005025383316,[],[],[],[]
"(243, 264)",0.22556917920565597,-0.0400102046568115,[],[],[],[]
"(243, 265)",0.15326915089749688,0.003128463799212021,[],[],[],[]
"(244, 261)",0.05329436289642931,-0.08938892445218483,[],[],[],[]
"(244, 262)",0.08545510545883751,-0.047913416545433254,[],[],[],[]
"(244, 263)",0.19628618506805107,-0.05307414621393949,[],[],[],[]
"(244, 264)",0.18946901120295673,-0.015678718212511964,[],[],[],[]
"(245, 262)",0.1711804777085829,-0.060284406952141906,[],[],[],[]
"(247, 260)",-0.08153225271365763,-0.05508858718677473,[],[],[],[]
"(247, 261)",0.04414719331884514,-0.07006056106129348,[],[],[],[]
"(247, 262)",0.07979019399309818,-0.030347068834082485,[],[],[],[]
"(247, 263)",0.19624226315713836,-0.03439762002921354,[],[],[],[]
"(248, 258)",-0.07055908423652671,-0.06773339228821011,[],[],[],[]
"(249, 358)",0.22323149004397602,-0.016201249028359097,[],[],[],[]
"(249, 359)",0.16191777358391318,0.0009591577733205822,[],[],[],[]
"(250, 356)",0.09100308788053578,-0.05306514364515846,[],[],[],[]
"(250, 357)",0.09602249903783967,-0.01967541289171877,[],[],[],[]
"(250, 358)",0.10586298973442324,-0.010110207277808278,[],[],[],[]
"(250, 359)",0.050651648870065215,0.004939279757416263,[],[],[],[]
"(250, 360)",0.08484849928317575,-0.004295127699863861,[],[],[],[]
"(250, 361)",0.13375699849968908,-0.044977279489600175,[],[],[],[]
"(251, 359)",-0.0032969038532436132,-0.001990872077011779,[],[],[],[]
"(251, 360)",0.03281234260922742,-0.008319252229049964,[],[],[],[]
"(251, 361)",0.08357365396096673,-0.04515291970138182,[],[],[],[]
"(252, 361)",0.06131191404903185,-0.05545035005343923,[],[],[],[]
"(256, 296)",0.6719846705061288,-0.07489484088978156,[125],[],"[123, 124, 125, 126, 127, 256, 276, 277, 278, 279, 280, 281, 282, 283, 296, 297, 298]",[]
"(257, 296)",0.7298972373507406,-0.06347083249556056,[124],[],"[122, 123, 124, 125, 126, 256, 257, 258, 259, 276, 279, 280, 296, 297, 298, 299]",[]
"(261, 272)",0.13258644637155662,-0.007740983037866642,[],[],[],[]
"(261, 273)",0.1600273479763829,-0.06274564190362138,[],[],[],[]
"(262, 272)",0.12963884977611606,-0.0022677342693369386,[],[],[],[]
"(262, 273)",0.15742131775768609,-0.059094739780707235,[],[],[],[]
"(263, 273)",0.10497520743792928,-0.018056650943645367,[],[],[],[]
"(264, 352)",0.15707997905391471,-0.008854548146705287,[],[],[],[]
"(264, 356)",0.05449399076040358,0.014887485857441762,[],[],[],[]
"(268, 342)",0.12319037331696857,-0.008523459469875842,[],[],[],[]
"(268, 347)",0.1060574698846655,-0.01323045824886205,[],[],[],[]
"(268, 348)",0.09696489438857218,-0.017527906552928293,[],[],[],[]
"(269, 338)",0.133482149790213,-0.019377313079943104,[],[],[],[]
"(269, 339)",0.14047726905593388,-0.03056043398306114,[],[],[],[]
"(269, 342)",0.14595708239516586,-0.03730888381281915,[],[],[],[]
"(271, 301)",0.21614518775283548,-0.05075501239950474,[],[],[],[]
"(271, 338)",0.10882896143600587,-0.006235170600005397,[],[],[],[]
"(274, 338)",0.005301742244151991,0.03838369471289836,[],[],[],[]
"(274, 341)",0.05484267191753273,0.014869943180604753,[],[],[],[]
"(274, 342)",0.04418973970555001,-0.002090535920650882,[],[],[],[]
"(274, 347)",0.046568841632260084,-0.023608456374004064,[],[],[],[]
"(275, 299)",0.150850106593703,0.04667723768302557,[],[],[],[]
"(275, 336)",0.0739221318314202,-0.020828543294280792,[],[],[],[]
"(275, 338)",-0.013441985412907807,0.026194515404158986,[],[],[],[]
"(275, 341)",0.024362720330191573,-0.008210513483029244,[],[],[],[]
"(277, 368)",-0.05971493518690517,0.0,[],[],[],[]
"(278, 336)",0.003971109928940802,0.04746791745681917,[],[],[],[]
"(278, 341)",-0.06603597644297578,0.02935430320981459,[],[],[],[]
"(278, 345)",-0.05930531830736827,-0.043378730632601774,[],[],[],[]
"(278, 368)",-0.1746051345584273,0.0,[],[],[],[]
"(279, 297)",0.15890943573672878,0.0440083033193477,[],[],[],[]
"(279, 298)",0.13330910884486552,0.013827219940063834,[],[],[],[]
"(279, 299)",0.048136403249086475,0.06163387683422025,[],[],[],[]
"(280, 297)",0.18345320825498185,0.06765044343528985,[],[],[],[]
"(280, 361)",-0.35166951667301305,-0.06959171126345441,[],[],[],[]
"(280, 368)",-0.22259863507187894,0.0,[],[],[],[]
"(280, 369)",-0.20607451019484865,0.0,[],[],[],[]
"(281, 368)",-0.2588114822231357,0.0,[],[],[],[]
"(281, 369)",-0.23984992844979558,0.0,[],[],[],[]
"(281, 370)",-0.18787317544887866,0.0,[],[],[],[]
"(281, 371)",-0.1672502730236714,0.0,[],[],[],[]
"(282, 297)",0.08894357714555229,0.08036575126715792,[],[],[],[]
"(282, 330)",-0.020387554976431074,0.07682746663137129,[],[],[],[]
"(282, 334)",-0.06437300087799384,0.00379091625771248,[],[],[],[]
"(283, 294)",0.14040419551818858,0.03154550852973238,[],[],[],[]
"(283, 295)",0.12272884225655264,0.05164350143085031,[],[],[],[]
"(283, 296)",0.15476233460017397,0.0028785049631176343,[],[],[],[]
"(283, 297)",0.057587824551886255,0.020017939763814527,[],[],[],[]
"(284, 369)",-0.3497378632847427,0.0,[],[],[],[]
"(284, 371)",-0.26706250252249264,0.0,[],[],[],[]
"(285, 370)",-0.3285130504389281,0.0,[],[],[],[]
"(285, 371)",-0.30066411143581045,0.0,[],[],[],[]
"(285, 372)",-0.2714927150001445,0.0,[],[],[],[]
"(285, 373)",-0.26123329654809296,0.0,[],[],[],[]
"(285, 374)",-0.25217164663074165,0.0,[],[],[],[]
"(285, 377)",-0.22983738339074464,0.0,[],[],[],[]
"(286, 374)",-0.39693321824818295,0.0,[],[],[],[]
"(286, 377)",-0.37796699717891,0.0,[],[],[],[]
"(287, 374)",-0.40159467057473514,0.0,[],[],[],[]
"(288, 371)",-0.38062598982279594,0.0,[],[],[],[]
"(288, 374)",-0.3190900455689877,0.0,[],[],[],[]
"(289, 373)",-0.32271520641646734,0.0,[],[],[],[]
"(289, 374)",-0.31264659688797924,0.0,[],[],[],[]
"(289, 375)",-0.2871778460013772,0.0,[],[],[],[]
"(289, 376)",-0.28140087200138036,0.0,[],[],[],[]
"(289, 377)",-0.2761947120885197,0.0,[],[],[],[]
"(289, 378)",-0.25950567608852904,0.0,[],[],[],[]
"(290, 320)",-0.07125265200124611,0.00813939888148341,[],[],[],[]
"(290, 374)",-0.4216512175085144,0.0,[],[],[],[]
"(290, 378)",-0.366865473320439,0.0,[],[],[],[]
"(291, 319)",-0.09425848884819772,0.0440813389115976,[],[],[],[]
"(291, 320)",-0.100250111029236,0.03908298038945419,[],[],[],[]
"(291, 321)",-0.11358456602299188,0.043287908089388295,[],[],[],[]
"(291, 326)",-0.1427698315372225,0.010811321452923163,[],[],[],[]
"(291, 378)",-0.3699976462918253,0.0,[],[],[],[]
"(292, 315)",-0.06580114600157427,0.05713599805191606,[],[],[],[]
"(292, 318)",-0.0633534243896402,0.04449930854330699,[],[],[],[]
"(292, 319)",-0.0980688237131755,0.008796434620517095,[],[],[],[]
"(292, 320)",-0.11642907419383447,0.0051922315444594535,[],[],[],[]
"(292, 321)",-0.129820248216823,0.01519796775868154,[],[],[],[]
"(293, 315)",-0.08997131191541458,0.02394122651059793,[],[],[],[]
"(293, 318)",-0.08663870135100996,0.020456734357712072,[],[],[],[]
"(293, 319)",-0.12584386386402313,-0.015004106594332805,[],[],[],[]
"(294, 315)",-0.13509104828107876,0.01942560346601248,[],[],[],[]
"(294, 316)",-0.11052458435658308,0.043669772582235096,[],[],[],[]
"(294, 318)",-0.12339565844702284,0.016026352311127725,[],[],[],[]
"(294, 319)",-0.1650516351298443,-0.017609385017902237,[],[],[],[]
"(295, 313)",-0.16400809606115252,0.03630834884837037,[],[],[],[]
"(295, 314)",-0.10334438593710257,0.05281459428229208,[],[],[],[]
"(295, 315)",-0.09117346315483221,0.029661415076745138,[],[],[],[]
"(295, 316)",-0.06534787282959238,0.055320628634265144,[],[],[],[]
"(295, 318)",-0.07971543188080808,0.02195931431368487,[],[],[],[]
"(296, 313)",-0.2055721497813942,0.013268440503949668,[],[],[],[]
"(296, 314)",-0.14062822572296502,0.03581316724832483,[],[],[],[]
"(296, 315)",-0.1248021841246054,0.014349505295987669,[],[],[],[]
"(297, 311)",-0.1513879270725984,0.0814665026565224,[],[],[],[]
"(297, 312)",-0.10032766213543719,0.07397139931399584,[],[],[],[]
"(297, 313)",-0.07482547178102363,0.025779209071907207,[],[],[],[]
"(297, 314)",-0.013356959044114994,0.04944464060723779,[],[],[],[]
"(298, 310)",-0.12015782624372598,0.07115440162731025,[],[],[],[]
"(298, 311)",-0.11834410745512448,0.04045376378197382,[],[],[],[]
"(298, 312)",-0.0694811001443956,0.035851399706522666,[],[],[],[]
"(298, 313)",-0.044067441373911394,-0.012830628935542043,[],[],[],[]
"(299, 309)",-0.028022340430671328,0.08103586871572695,[],[],[],[]
"(299, 310)",-0.006772611623946928,0.06331201162461007,[],[],[],[]
"(299, 311)",-0.004558451650912277,0.0312500364435124,[],[],[],[]
"(299, 312)",0.0423178220133957,0.026858405048297302,[],[],[],[]
"(300, 310)",0.010731773465027131,0.027117458945317727,[],[],[],[]
"(300, 311)",0.012929069036954852,-0.005494102189839399,[],[],[],[]
"(306, 337)",-0.00722762317393633,-0.007014497555897314,[],[],[],[]
"(306, 338)",-0.07372906989406809,0.008790938452669352,[],[],[],[]
"(306, 339)",-0.09181368903940858,-0.008641835185928625,[],[],[],[]
"(307, 336)",-0.03157054781350217,-0.024848382354081405,[],[],[],[]
"(307, 337)",-0.046989974969647526,-0.011083052702793696,[],[],[],[]
"(307, 338)",-0.10349796084331554,0.009447875770574371,[],[],[],[]
"(308, 336)",-0.030035339474681795,-0.03227290944677797,[],[],[],[]
"(308, 337)",-0.05012227126389383,-0.023157194313277785,[],[],[],[]
"(312, 327)",0.0029243786954494247,-0.018786952319494746,[],[],[],[]
"(313, 323)",-0.06797940242119059,-0.022090600984543747,[],[],[],[]
"(313, 326)",-0.048324347287747996,-0.018652359647350104,[],[],[],[]
"(313, 327)",-0.05322466650777364,-0.008624520774962317,[],[],[],[]
"(321, 381)",-0.06578138114166356,0.0,[],[],[],[]
"(329, 377)",-0.08749665848812818,0.0,[],[],[],[]
"(329, 380)",-0.08688476840223351,0.0,[],[],[],[]
"(333, 377)",-0.04951718290804764,0.0,[],[],[],[]
"(345, 367)",-0.04862954290716139,0.0,[],[],[],[]
"(345, 368)",-0.08935861548774289,0.0,[],[],[],[]
"(346, 367)",-0.0763637726777182,0.0,[],[],[],[]
